{"Perplexity": 10.317720589814362, "BLEU": 0.14646283132519886, "ROUGE-L": 0.39549277510474556, "BERTScore": 0.8756619029574924}