{"Perplexity": 10.202864558608443, "BLEU": 0.13622814729322505, "ROUGE-L": 0.38680605268481405, "BERTScore": 0.8972712446142126}