{"Perplexity": 10.08982679578993, "BLEU": 0.14045204181847581, "ROUGE-L": 0.38383143996130475, "BERTScore": 0.8984756933318244}