{"Perplexity": 10.667463744128192, "BLEU": 0.13485249551005046, "ROUGE-L": 0.3857152024083036, "BERTScore": 0.8995941126788104}