{"Perplexity": 10.114848737363461, "BLEU": 0.13644735708728828, "ROUGE-L": 0.3873223451128626, "BERTScore": 0.8691729770766364}