{"Perplexity": 10.386638358787254, "BLEU": 0.13464786714772858, "ROUGE-L": 0.38504112121193623, "BERTScore": 0.8977643913692899}