{"Perplexity": 10.770382210060403, "BLEU": 0.14405769392514853, "ROUGE-L": 0.39107920203041263, "BERTScore": 0.8986754527798405}