{"Perplexity": 10.335880191237838, "BLEU": 0.13347942525891549, "ROUGE-L": 0.38412791407306446, "BERTScore": 0.8966508529804371}