{"Perplexity": 11.215898513793945, "BLEU": 0.12127095412396702, "ROUGE-L": 0.37766365797649504, "BERTScore": 0.8969817205711648}