{"Perplexity": 9.964234034220377, "BLEU": 0.13688757945124774, "ROUGE-L": 0.3876002615260039, "BERTScore": 0.8963323014753836}