{"Perplexity": 10.339364669941089, "BLEU": 0.13521032836454575, "ROUGE-L": 0.3845421838382212, "BERTScore": 0.8974862760967679}