{"Perplexity": 8.170412293186894, "BLEU": 0.1076634167618826, "ROUGE-L": 0.263643396016467, "BERTScore": 0.8458818020644011}