{"Perplexity": 7.816058529747857, "BLEU": 0.11482659222600874, "ROUGE-L": 0.2745544436144029, "BERTScore": 0.8484556608729892}