{"Perplexity": 8.052009176324916, "BLEU": 0.11105952970783833, "ROUGE-L": 0.2784584214393727, "BERTScore": 0.8501975448043259}