{"Perplexity": 11.37363553930212, "BLEU": 0.09839280757602488, "ROUGE-L": 0.2633457800685316, "BERTScore": 0.8486469410083912}