{"Perplexity": 8.521482034965798, "BLEU": 0.1151945791031151, "ROUGE-L": 0.3101098437012289, "BERTScore": 0.8564035450970685}