{"Perplexity": 12.65152515305413, "BLEU": 0.10313784889434309, "ROUGE-L": 0.27129279812650475, "BERTScore": 0.8798986187687626}