{"Perplexity": 8.246334252534089, "BLEU": 0.11203695588485865, "ROUGE-L": 0.26565887172763614, "BERTScore": 0.848279250992669}