{"Perplexity": 8.532105887377703, "BLEU": 0.11019174608461632, "ROUGE-L": 0.30532244843986334, "BERTScore": 0.8539742319672196}