{"Perplexity": 8.345437712139553, "BLEU": 0.11379849404347019, "ROUGE-L": 0.30816996550647563, "BERTScore": 0.8554019420235245}