{"Perplexity": 11.679564617298267, "BLEU": 0.10400657314073643, "ROUGE-L": 0.29570019018804755, "BERTScore": 0.8526640313642996}