{"Perplexity": 12.332136436744973, "BLEU": 0.10347007473275303, "ROUGE-L": 0.30089969524444377, "BERTScore": 0.8543069163958231}