{"Perplexity": 19.004138107653016, "BLEU": 0.47270234856332044, "ROUGE-L": 0.6107728193282052, "BERTScore": 0.9326392147276137}