{"Perplexity": 17.912001027001274, "BLEU": 0.44124203502198295, "ROUGE-L": 0.5842273079766176, "BERTScore": 0.9249799185329013}