{"Perplexity": 18.878481176164414, "BLEU": 0.471921988482068, "ROUGE-L": 0.6062179633792518, "BERTScore": 0.9314259224467807}