{"Perplexity": 19.228444505620885, "BLEU": 0.4681440534123331, "ROUGE-L": 0.6041838243168142, "BERTScore": 0.9303908326007702}