{"Perplexity": 19.094354505892152, "BLEU": 0.4716387737278468, "ROUGE-L": 0.6066194402899427, "BERTScore": 0.9328766862551371}