{"Perplexity": 18.956105126274956, "BLEU": 0.4692875517868985, "ROUGE-L": 0.6060765510591667, "BERTScore": 0.9311266762238962}