{"Perplexity": 19.009273917586714, "BLEU": 0.46848391586104804, "ROUGE-L": 0.6042747406780644, "BERTScore": 0.9317797643167002}