{"Perplexity": 17.655131578445435, "BLEU": 0.4446579717483972, "ROUGE-L": 0.586272281848499, "BERTScore": 0.9248103344881976}