{"Perplexity": 18.926786616996484, "BLEU": 0.4732194235235058, "ROUGE-L": 0.6027310787603853, "BERTScore": 0.9306865555268747}