{"Perplexity": 19.111910369661118, "BLEU": 0.4684842414136244, "ROUGE-L": 0.6024043622023308, "BERTScore": 0.9311631895877697}