{"Perplexity": 19.906626595391167, "BLEU": 0.49839822818686663, "ROUGE-L": 0.626390033186936, "BERTScore": 0.9382747213045756}