{
    "average_grammatical_correctness": 0.9814814814814815,
    "average_coherence": 0.8703703703703703,
    "average_correctness_of_answer": 0.9074074074074074,
    "human_evaluation_average": 0.9197530864197532
}