{"Perplexity": 10.040232481779876, "BLEU": 0.13780767529322657, "ROUGE-L": 0.38557016390161936, "BERTScore": 0.8970524116798684}