{"Perplexity": 8.109913331490976, "BLEU": 0.11075271478788509, "ROUGE-L": 0.3043926770639189, "BERTScore": 0.85527781424699}