{
    "average_grammatical_correctness": 0.8888888888888888,
    "average_coherence": 0.8888888888888888,
    "average_correctness_of_answer": 0.7592592592592593,
    "human_evaluation_average": 0.8456790123456791
}