{
    "average_grammatical_correctness": 0.9444444444444444,
    "average_coherence": 0.8888888888888888,
    "average_correctness_of_answer": 0.8518518518518519,
    "human_evaluation_average": 0.8950617283950617
}