{"Perplexity": 19.008838106084752, "BLEU": 0.4696359199972743, "ROUGE-L": 0.6049073737129705, "BERTScore": 0.9313511031645315}